<rdmtree><version>1.02</version>
<node>
  <name>.</name>
  <permanent/><add/><get/><replace/>
  <acl>Replace=*&amp;Add=*&amp;Delete=*&amp;Get=*&amp;Exec=*</acl>
  <node>
    <name>Ext</name>
    <get/>
    <leaf>
      <name>LastSessionID</name>
      <value>36</value>
    </leaf>
    <leaf>
      <name>MinServerAuth</name>
      <get/>
      <format>chr</format>
      <value>BASIC</value>
    </leaf>
    <node>
      <name>RedBend</name>
      <leaf>
        <name>DlResumeMaxRetriesDelay</name>
        <copy/><delete/><exec/><get/><replace/>
        <format>int</format>
        <value>8</value>
      </leaf>
      <leaf>
        <name>DlResumeMaxCounter</name>
        <copy/><delete/><exec/><get/><replace/>
        <format>int</format>
        <value>10</value>
      </leaf>
      <leaf>
        <name>DlResumeTimeout</name>
        <copy/><delete/><exec/><get/><replace/>
        <format>int</format>
        <value>1440</value>
      </leaf>
      <leaf>
        <name>NonIdleMonitorUpTimeTimeout</name>
        <copy/><delete/><exec/><get/><replace/>
        <format>chr</format>
        <value>10m</value>
      </leaf>
      <leaf>
        <name>NonIdleMonitorTimeout</name>
        <copy/><delete/><exec/><get/><replace/>
        <format>chr</format>
        <value>720h</value>
      </leaf>
      <node>
        <name>StatusTracking</name>
        <add/><copy/><delete/><exec/><get/><replace/>
        <leaf>
          <name>ActiveStatuses</name>
          <copy/><delete/><exec/><get/><replace/>
          <format>chr</format>
          <value>none</value>
        </leaf>
        <leaf>
          <name>MinReportInterval</name>
          <copy/><delete/><exec/><get/><replace/>
          <format>int</format>
          <value>30</value>
        </leaf>
        <leaf>
          <name>TrackID</name>
          <get/><replace/>
          <format>chr</format>
        </leaf>
      </node>
      <leaf>
        <name>Locate </name>
        <exec/><get/>
        <type>text/plain</type>
        <format>chr</format>
      </leaf>
      <node>
        <name>RuleEngine</name>
        <get/><replace/>
        <leaf>
          <name>BeforeReport</name>
          <get/><replace/>
          <format>bin</format>
        </leaf>
        <leaf>
          <name>BeforeDL</name>
          <get/><replace/>
          <format>bin</format>
        </leaf>
        <leaf>
          <name>BeforePostInstall</name>
          <get/><replace/>
          <format>bin</format>
        </leaf>
        <leaf>
          <name>BeforeInstall</name>
          <get/><replace/>
          <format>bin</format>
        </leaf>
        <leaf>
          <name>BeforePreInstall</name>
          <get/><replace/>
          <format>bin</format>
        </leaf>
        <leaf>
          <name>BeforeDM</name>
          <get/><replace/>
          <format>bin</format>
        </leaf>
      </node>
      <node>
        <name>SupportedFeatures</name>
        <get/>
        <leaf>
          <name>isSupportActionOnInstallationFailure</name>
          <get/>
          <type>text/plain</type>
          <format>bool</format>
          <value>true</value>
        </leaf>
        <leaf>
          <name>isSupportExtendedDescmoFeatures</name>
          <get/>
          <type>text/plain</type>
          <format>bool</format>
          <value>true</value>
        </leaf>
        <node>
          <name>PostUpdateStatus</name>
          <get/>
          <leaf>
            <name>PostUpdateStatusTimeout</name>
            <get/><replace/>
            <type>text/plain</type>
            <format>chr</format>
            <value>3m</value>
          </leaf>
          <leaf>
            <name>SupportPostUpdateStatus</name>
            <get/><replace/>
            <format>int</format>
            <value>0</value>
          </leaf>
        </node>
        <leaf>
          <name>isSupportDD2</name>
          <get/>
          <type>text/plain</type>
          <format>bool</format>
          <value>false</value>
        </leaf>
      </node>
      <node>
        <name>DataUpload</name>
        <leaf>
          <name>Url</name>
          <get/>
          <format>chr</format>
          <value>http://rp-dmz8.redbend.com:8080/device-tweets/dataCollector</value>
        </leaf>
        <leaf>
          <name>ServerResponseTimeout</name>
          <get/><replace/>
          <type>text/plain</type>
          <format>chr</format>
          <value>5m</value>
        </leaf>
        <leaf>
          <name>DataUploadResumeTimeout</name>
          <get/><replace/>
          <type>text/plain</type>
          <format>chr</format>
          <value>1440m</value>
        </leaf>
        <leaf>
          <name>DataUploadMaxRetriesDelay</name>
          <get/><replace/>
          <type>text/plain</type>
          <format>chr</format>
          <value>10m</value>
        </leaf>
      </node>
      <node>
        <name>Logs</name>
        <get/>
        <leaf>
          <name>ClientLogs</name>
          <get/><replace/>
          <format>bin</format>
        </leaf>
      </node>
      <node>
        <name>DataCollection</name>
        <get/>
        <node>
          <name>GenericData</name>
          <get/>
          <leaf>
            <name>Interval</name>
            <get/><replace/>
            <type>text/plain</type>
            <format>chr</format>
            <value>1440m</value>
          </leaf>
        </node>
      </node>
      <node>
        <name>Diagnostics</name>
        <leaf>
          <name>LastDMConnStatus</name>
          <get/>
          <format>chr</format>
          <value>Never_Performed</value>
        </leaf>
        <leaf>
          <name>LastDMConnSuccessTime</name>
          <get/>
          <format>chr</format>
          <value>0</value>
        </leaf>
        <leaf>
          <name>LastDLSuccessTime</name>
          <get/>
          <format>chr</format>
          <value>0</value>
        </leaf>
        <leaf>
          <name>LastDLFailTime</name>
          <get/>
          <format>chr</format>
          <value>0</value>
        </leaf>
        <leaf>
          <name>LastDLTime</name>
          <get/>
          <format>chr</format>
          <value>0</value>
        </leaf>
        <leaf>
          <name>LastDMConnTime</name>
          <get/>
          <format>chr</format>
          <value>0</value>
        </leaf>
        <leaf>
          <name>LastDLStatus</name>
          <get/>
          <format>chr</format>
          <value>Never_Performed</value>
        </leaf>
      </node>
      <leaf>
        <name>DpVersion</name>
        <get/><replace/>
        <format>chr</format>
        <value>5</value>
      </leaf>
      <leaf>
        <name>RegistrationID</name>
        <get/><replace/>
        <format>chr</format>
      </leaf>
      <leaf>
        <name>PushServer</name>
        <get/><replace/>
        <type>text/plain</type>
        <format>chr</format>
        <value>GCM</value>
      </leaf>
      <node>
        <name>DownloadLimit</name>
        <leaf>
          <name>SegmentWindow</name>
          <get/><replace/>
          <format>chr</format>
          <value>120m</value>
        </leaf>
        <leaf>
          <name>SegmentSize</name>
          <get/><replace/>
          <format>int</format>
          <value>125000</value>
        </leaf>
      </node>
      <node>
        <name>DevSettings</name>
        <get/>
        <acl>Add=*&amp;Delete=*&amp;Exec=*&amp;Get=*&amp;Replace=*</acl>
        <node>
          <name>Config</name>
          <exec/><get/>
          <leaf>
            <name>PkgURL</name>
            <get/><replace/>
            <type>text/plain</type>
            <format>chr</format>
            <value>http://update-package-location</value>
          </leaf>
        </node>
        <node>
          <name>Action</name>
          <exec/><get/>
          <leaf>
            <name>PkgData</name>
            <get/><replace/>
            <type>text/plain</type>
            <format>chr</format>
          </leaf>
        </node>
      </node>
      <node>
        <name>Notification</name>
        <add/><delete/><exec/><get/><replace/>
      </node>
      <node>
        <name>Locate</name>
        <add/><delete/><exec/><get/><replace/>
      </node>
      <leaf>
        <name>WiFiOnly</name>
        <get/><replace/>
        <type>text/plain</type>
        <format>chr</format>
        <value>0</value>
      </leaf>
      <leaf>
        <name>WifiOnlyExpirationDate</name>
        <get/><replace/>
        <type>text/plain</type>
        <format>chr</format>
      </leaf>
      <leaf>
        <name>CampaignName</name>
        <get/><replace/>
        <type>text/plain</type>
        <format>chr</format>
      </leaf>
      <leaf>
        <name>CampaignDescription</name>
        <get/><replace/>
        <type>text/plain</type>
        <format>chr</format>
      </leaf>
      <leaf>
        <name>CampaignFailureMessage</name>
        <get/><replace/>
        <type>text/plain</type>
        <format>chr</format>
      </leaf>
      <leaf>
        <name>CampaignSuccessMessage</name>
        <get/><replace/>
        <type>text/plain</type>
        <format>chr</format>
      </leaf>
      <leaf>
        <name>CriticalUpdate</name>
        <get/><replace/>
        <type>text/plain</type>
        <format>chr</format>
        <value>0</value>
      </leaf>
      <leaf>
        <name>SilentInstall</name>
        <get/><replace/>
        <type>text/plain</type>
        <format>chr</format>
        <value>0</value>
      </leaf>
      <leaf>
        <name>ReserveDownloadTime</name>
        <get/><replace/>
        <type>text/plain</type>
        <format>chr</format>
        <value>00:00-23:59</value>
      </leaf>
      <leaf>
        <name>UpdateDateTime</name>
        <get/><replace/>
        <type>text/plain</type>
        <format>chr</format>
        <value>2013.02.20T10:46-2013.03.13T10:46</value>
      </leaf>
      <leaf>
        <name>DmBootupMinDelay</name>
        <get/><replace/>
        <type>text/plain</type>
        <format>chr</format>
        <value>5s</value>
      </leaf>
      <leaf>
        <name>PollingIntervalInHours</name>
        <get/><replace/>
        <type>text/plain</type>
        <format>int</format>
        <value>168</value>
      </leaf>
      <leaf>
        <name>RecoveryPollingTimeout</name>
        <get/><replace/>
        <type>text/plain</type>
        <format>chr</format>
        <value>1440m</value>
      </leaf>
      <leaf>
        <name>RecoveryPollingMaxCounter</name>
        <get/><replace/>
        <type>text/plain</type>
        <format>int</format>
        <value>10</value>
      </leaf>
      <leaf>
        <name>UserInteractionTimeoutInterval</name>
        <get/><replace/>
        <type>text/plain</type>
        <format>int</format>
        <value>1440</value>
      </leaf>
      <leaf>
        <name>ExternalDownloadTimeout</name>
        <get/><replace/>
        <type>text/plain</type>
        <format>chr</format>
        <value>72h</value>
      </leaf>
      <leaf>
        <name>PostponePeriod</name>
        <get/><replace/>
        <type>text/plain</type>
        <format>int</format>
        <value>60</value>
      </leaf>
      <leaf>
        <name>PostponeMaxTimes</name>
        <get/><replace/>
        <type>text/plain</type>
        <format>int</format>
        <value>3</value>
      </leaf>
      <node>
        <name>FSMO</name>
        <get/>
        <leaf>
          <name>Filenames</name>
          <get/><replace/>
          <type>text/plain</type>
          <format>chr</format>
        </leaf>
        <leaf>
          <name>IsExist</name>
          <get/>
          <type>text/plain</type>
          <format>chr</format>
        </leaf>
      </node>
    </node>
  </node>
  <node>
    <name>LAWMO</name>
    <get/>
    <acl>Add=*&amp;Delete=*&amp;Exec=*&amp;Get=*&amp;Replace=*</acl>
    <leaf>
      <name>State</name>
      <get/>
      <format>int</format>
      <value>10</value>
    </leaf>
    <node>
      <name>AvailableWipeList</name>
      <add/><delete/><get/><replace/>
      <node>
        <name>x1</name>
        <add/><delete/><get/><replace/>
        <leaf>
          <name>ListItemName</name>
          <get/>
          <format>chr</format>
          <value>namex1</value>
        </leaf>
        <leaf>
          <name>ToBeWiped</name>
          <get/>
          <format>bool</format>
          <value>true</value>
        </leaf>
      </node>
      <node>
        <name>x2</name>
        <add/><delete/><get/><replace/>
        <leaf>
          <name>ListItemName</name>
          <get/>
          <format>chr</format>
          <value>namex2</value>
        </leaf>
        <leaf>
          <name>ToBeWiped</name>
          <get/>
          <format>bool</format>
          <value>false</value>
        </leaf>
      </node>
      <node>
        <name>x3</name>
        <add/><delete/><get/><replace/>
        <leaf>
          <name>ListItemName</name>
          <get/>
          <format>chr</format>
          <value>namex3</value>
        </leaf>
        <leaf>
          <name>ToBeWiped</name>
          <get/>
          <format>bool</format>
          <value>false</value>
        </leaf>
      </node>
    </node>
    <node>
      <name>LAWMOConfig</name>
      <add/><copy/><delete/><get/><replace/>
      <leaf>
        <name>NotifyUser</name>
        <get/>
        <format>bool</format>
        <value>true</value>
      </leaf>
    </node>
    <node>
      <name>Operations</name>
      <add/><copy/><delete/><exec/><get/><replace/>
      <leaf>
        <name>FullyLock</name>
        <exec/>
      </leaf>
      <leaf>
        <name>PartiallyLock</name>
        <exec/>
      </leaf>
      <leaf>
        <name>UnLock</name>
        <exec/>
      </leaf>
      <leaf>
        <name>FactoryReset</name>
        <exec/>
      </leaf>
      <leaf>
        <name>Wipe</name>
        <exec/>
      </leaf>
    </node>
    <node>
      <name>Ext</name>
      <add/><copy/><delete/><get/><replace/>
      <node>
        <name>RedBend</name>
        <add/><copy/><delete/><get/><replace/>
        <node>
          <name>Password</name>
          <add/><copy/><delete/><get/><replace/>
          <leaf>
            <name>Policy</name>
            <get/><replace/>
            <format>chr</format>
          </leaf>
          <leaf>
            <name>Pwd</name>
            <get/><replace/>
            <format>chr</format>
          </leaf>
          <leaf>
            <name>PwdFromServer</name>
            <get/><replace/>
            <format>bool</format>
            <value>true</value>
          </leaf>
        </node>
      </node>
    </node>
  </node>
  <node>
    <name>FUMO</name>
    <add/><exec/><get/><replace/>
    <acl>Add=*&amp;Delete=*&amp;Exec=*&amp;Get=*&amp;Replace=*</acl>
    <type>urn:oma:mo:oma-fumo:1.0</type>
    <leaf>
      <name>State</name>
      <get/><replace/>
      <format>int</format>
      <value>10</value>
    </leaf>
    <node>
      <name>DownloadAndUpdate</name>
      <exec/><get/>
      <leaf>
        <name>PkgURL</name>
        <get/><replace/>
        <type>text/plain</type>
        <format>chr</format>
        <value>http://update-package-location</value>
      </leaf>
    </node>
    <node>
      <name>Update</name>
      <exec/><get/><replace/>
      <leaf>
        <name>PkgData</name>
        <get/><replace/>
        <format>bin</format>
      </leaf>
    </node>
    <node>
      <name>Download</name>
      <exec/><get/>
      <leaf>
        <name>PkgURL</name>
        <get/><replace/>
        <format>chr</format>
        <value>http://update-package-location</value>
      </leaf>
    </node>
    <leaf>
      <name>PkgVersion</name>
      <get/><replace/>
      <format>chr</format>
      <value>8</value>
    </leaf>
    <leaf>
      <name>PkgName</name>
      <get/><replace/>
      <format>chr</format>
      <value>1.1 to 1.8</value>
    </leaf>
  </node>
  <node>
    <name>SCOMO</name>
    <add/><copy/><delete/><exec/><get/><replace/>
    <acl>Add=*&amp;Delete=*&amp;Exec=*&amp;Get=*&amp;Replace=*</acl>
    <type>urn:oma:mo:oma-scomo:1.0</type>
    <node>
      <name>Ext</name>
      <get/>
      <node>
        <name>RedBend</name>
        <leaf>
          <name>FullInventory</name>
          <get/><replace/>
        </leaf>
        <leaf>
          <name>InventoryFields</name>
          <get/><replace/>
          <value>Version</value>
        </leaf>
      </node>
    </node>
    <node>
      <name>Inventory</name>
      <add/><copy/><delete/><exec/><get/><replace/>
      <node>
        <name>Ext</name>
        <add/><copy/><delete/><exec/><get/><replace/>
        <node>
          <name>ECU</name>
          <add/><copy/><delete/><exec/><get/><replace/>
          <node>
            <name>CAN000</name>
            <add/><copy/><delete/><exec/><get/><replace/>
            <leaf>
              <name>ManagementUnit</name>
              <copy/><delete/><exec/><get/><replace/>
              <format>chr</format>
              <value>CAN000</value>
            </leaf>
            <leaf>
              <name>NodeAddress</name>
              <copy/><delete/><exec/><get/><replace/>
              <format>chr</format>
              <value>CAN000</value>
            </leaf>
            <leaf>
              <name>PartNumber</name>
              <copy/><delete/><exec/><get/><replace/>
              <format>chr</format>
              <value>0000000</value>
            </leaf>
            <leaf>
              <name>SerialNumber</name>
              <copy/><delete/><exec/><get/><replace/>
              <format>chr</format>
              <value>serial000</value>
            </leaf>
          </node>
        </node>
      </node>
      <node>
        <name>Deployed</name>
        <add/><copy/><delete/><exec/><get/><replace/>
        <node>
          <name>RB_AUTO;;CAN000;;MainCPU_RX-85</name>
          <add/><copy/><delete/><exec/><get/><replace/>
          <leaf>
            <name>PartNumber</name>
            <copy/><delete/><exec/><get/><replace/>
          </leaf>
          <leaf>
            <name>Description</name>
            <copy/><delete/><exec/><get/><replace/>
          </leaf>
          <leaf>
            <name>EnvType</name>
            <copy/><delete/><exec/><get/><replace/>
          </leaf>
          <leaf>
            <name>State</name>
            <copy/><delete/><exec/><get/><replace/>
          </leaf>
          <leaf>
            <name>Version</name>
            <copy/><delete/><exec/><get/><replace/>
          </leaf>
          <leaf>
            <name>Name</name>
            <copy/><delete/><exec/><get/><replace/>
          </leaf>
          <leaf>
            <name>ID</name>
            <copy/><delete/><exec/><get/><replace/>
          </leaf>
          <leaf>
            <name>Status</name>
            <copy/><delete/><exec/><get/><replace/>
            <format>int</format>
            <value>10</value>
          </leaf>
          <leaf>
            <name>PkgIDRef</name>
            <copy/><delete/><exec/><get/><replace/>
          </leaf>
          <node>
            <name>Ext</name>
            <add/><copy/><delete/><exec/><get/><replace/>
            <leaf>
              <name>ToolVersion</name>
              <copy/><delete/><exec/><get/><replace/>
            </leaf>
          </node>
          <node>
            <name>Operations</name>
            <add/><copy/><delete/><exec/><get/><replace/>
            <node>
              <name>Ext</name>
              <add/><copy/><delete/><exec/><get/><replace/>
            </node>
            <leaf>
              <name>Remove</name>
              <copy/><delete/><exec/><get/><replace/>
            </leaf>
            <leaf>
              <name>Deactivate</name>
              <copy/><delete/><exec/><get/><replace/>
            </leaf>
            <leaf>
              <name>Activate</name>
              <copy/><delete/><exec/><get/><replace/>
            </leaf>
          </node>
        </node>
      </node>
    </node>
    <node>
      <name>Download</name>
      <add/><get/><replace/>
      <node>
        <name>RB_DP</name>
        <get/><replace/>
        <acl>Add=*&amp;Delete=*&amp;Exec=*&amp;Get=*&amp;Replace=*</acl>
        <leaf>
          <name>Status</name>
          <get/><replace/>
          <format>int</format>
          <value>10</value>
        </leaf>
        <leaf>
          <name>PkgURL</name>
          <get/><replace/>
          <type>text/plain</type>
          <format>chr</format>
          <value>http://update-package-location</value>
        </leaf>
        <leaf>
          <name>PkgID</name>
          <get/><replace/>
          <format>chr</format>
          <value>RB_DP</value>
        </leaf>
        <node>
          <name>Operations</name>
          <exec/><get/><replace/>
          <node>
            <name>Download</name>
            <add/><copy/><delete/><exec/><get/><replace/>
          </node>
          <node>
            <name>DownloadInstall</name>
            <add/><copy/><delete/><exec/><get/><replace/>
          </node>
          <node>
            <name>DownloadInstallInactive</name>
            <add/><copy/><delete/><exec/><get/><replace/>
          </node>
        </node>
      </node>
    </node>
  </node>
  <node>
    <name>DMAcc</name>
    <permanent/><get/>
    <node>
      <name>callup</name>
      <add/><copy/><delete/><get/><replace/>
      <leaf>
        <name>SenderId</name>
        <copy/><delete/><get/><replace/>
      </leaf>
      <node>
        <name>AppAddr</name>
        <add/><copy/><delete/><get/><replace/>
        <node>
          <name>APPSRV</name>
          <add/><copy/><delete/><get/><replace/>
          <leaf>
            <name>Addr</name>
            <copy/><delete/><get/><replace/>
            <value>https://honda-jp.harmanota.com/dm</value>
          </leaf>
          <node>
            <name>Port</name>
            <add/><copy/><delete/><get/><replace/>
            <node>
              <name>Port</name>
              <add/><copy/><delete/><get/><replace/>
              <leaf>
                <name>PortNbr</name>
                <copy/><delete/><get/><replace/>
                <value>443</value>
              </leaf>
            </node>
          </node>
          <leaf>
            <name>AddrType</name>
            <copy/><delete/><get/><replace/>
            <value>URI</value>
          </leaf>
        </node>
      </node>
      <node>
        <name>AppAuth</name>
        <add/><copy/><delete/><get/><replace/>
        <node>
          <name>APPSRV</name>
          <add/><copy/><delete/><get/><replace/>
          <leaf>
            <name>AAuthData</name>
            <replace/>
            <format>bin</format>
            <value>Kr6iXv2txMeH50s8XDFeUQ==</value>
          </leaf>
          <leaf>
            <name>AAuthSecret</name>
            <replace/>
            <value>callup</value>
          </leaf>
          <leaf>
            <name>AAuthType</name>
            <copy/><delete/><get/><replace/>
            <value>BASIC</value>
          </leaf>
          <leaf>
            <name>AAuthName</name>
            <copy/><delete/><get/><replace/>
            <value>callup</value>
          </leaf>
          <leaf>
            <name>AAuthLevel</name>
            <copy/><delete/><get/><replace/>
            <value>SRVCRED</value>
          </leaf>
        </node>
        <node>
          <name>CLIENT</name>
          <add/><copy/><delete/><get/><replace/>
          <leaf>
            <name>AAuthData</name>
            <replace/>
            <format>bin</format>
            <value>elJ6UDFVd1ZnQ2ppdVR6Tg==</value>
          </leaf>
          <leaf>
            <name>AAuthSecret</name>
            <replace/>
            <value>callup</value>
          </leaf>
          <leaf>
            <name>AAuthType</name>
            <copy/><delete/><get/><replace/>
            <value>BASIC</value>
          </leaf>
          <leaf>
            <name>AAuthName</name>
            <copy/><delete/><get/><replace/>
            <value>callup</value>
          </leaf>
          <leaf>
            <name>AAuthLevel</name>
            <copy/><delete/><get/><replace/>
            <value>CLCRED</value>
          </leaf>
        </node>
      </node>
      <leaf>
        <name>Name</name>
        <copy/><delete/><get/><replace/>
        <value>callup</value>
      </leaf>
      <leaf>
        <name>ServerID</name>
        <copy/><delete/><get/><replace/>
        <value>callup</value>
      </leaf>
    </node>
    <node>
      <name>synchronica</name>
      <add/><copy/><delete/><get/><replace/>
      <node>
        <name>AppAddr</name>
        <add/><copy/><delete/><get/><replace/>
        <node>
          <name>APPSRV</name>
          <add/><copy/><delete/><get/><replace/>
          <leaf>
            <name>Addr</name>
            <copy/><delete/><get/><replace/>
            <value>http://Neptune.redbend.com/syncml/dm</value>
          </leaf>
          <node>
            <name>Port</name>
            <add/><copy/><delete/><get/><replace/>
            <node>
              <name>Port</name>
              <add/><copy/><delete/><get/><replace/>
              <leaf>
                <name>PortNbr</name>
                <copy/><delete/><get/><replace/>
                <value>8080</value>
              </leaf>
            </node>
          </node>
          <leaf>
            <name>AddrType</name>
            <copy/><delete/><get/><replace/>
            <value>URI</value>
          </leaf>
        </node>
      </node>
      <node>
        <name>AppAuth</name>
        <add/><copy/><delete/><get/><replace/>
        <node>
          <name>APPSRV</name>
          <add/><copy/><delete/><get/><replace/>
          <leaf>
            <name>AAuthData</name>
            <replace/>
            <format>bin</format>
            <value>Kr6iXv2txMeH50s8XDFeUQ==</value>
          </leaf>
          <leaf>
            <name>AAuthSecret</name>
            <replace/>
            <value>fota</value>
          </leaf>
          <leaf>
            <name>AAuthType</name>
            <copy/><delete/><get/><replace/>
            <value>BASIC</value>
          </leaf>
          <leaf>
            <name>AAuthName</name>
            <copy/><delete/><get/><replace/>
            <value>synchronica</value>
          </leaf>
          <leaf>
            <name>AAuthLevel</name>
            <copy/><delete/><get/><replace/>
            <value>SRVCRED</value>
          </leaf>
        </node>
        <node>
          <name>CLIENT</name>
          <add/><copy/><delete/><get/><replace/>
          <leaf>
            <name>AAuthData</name>
            <replace/>
            <format>bin</format>
            <value>azQyQUhCa0hxWUJKNUNUbg==</value>
          </leaf>
          <leaf>
            <name>AAuthSecret</name>
            <replace/>
            <value>fota</value>
          </leaf>
          <leaf>
            <name>AAuthType</name>
            <copy/><delete/><get/><replace/>
            <value>BASIC</value>
          </leaf>
          <leaf>
            <name>AAuthName</name>
            <copy/><delete/><get/><replace/>
            <value>synchronica</value>
          </leaf>
          <leaf>
            <name>AAuthLevel</name>
            <copy/><delete/><get/><replace/>
            <value>CLCRED</value>
          </leaf>
        </node>
      </node>
      <leaf>
        <name>Name</name>
        <copy/><delete/><get/><replace/>
        <value>synchronica</value>
      </leaf>
      <leaf>
        <name>ServerID</name>
        <copy/><delete/><get/><replace/>
        <value>synchronica</value>
      </leaf>
    </node>
  </node>
  <node>
    <name>DevDetail</name>
    <get/>
    <node>
      <name>URI</name>
      <get/>
      <leaf>
        <name>MaxSegLen</name>
        <get/>
        <format>chr</format>
        <value>31</value>
      </leaf>
      <leaf>
        <name>MaxTotLen</name>
        <get/>
        <format>chr</format>
        <value>255</value>
      </leaf>
      <leaf>
        <name>MaxDepth</name>
        <get/>
        <format>chr</format>
        <value>16</value>
      </leaf>
    </node>
    <leaf>
      <name>SwV</name>
      <get/>
      <format>chr</format>
    </leaf>
    <leaf>
      <name>OEM</name>
      <get/>
      <format>chr</format>
      <value>manufacturer</value>
    </leaf>
    <leaf>
      <name>LrgObj</name>
      <get/>
      <format>chr</format>
      <value>true</value>
    </leaf>
    <leaf>
      <name>HwV</name>
      <get/>
      <format>chr</format>
      <value>ARMxxxx</value>
    </leaf>
    <leaf>
      <name>FwV</name>
      <get/>
      <format>chr</format>
    </leaf>
    <leaf>
      <name>DevTyp</name>
      <get/>
      <format>chr</format>
      <value>Device</value>
    </leaf>
    <node>
      <name>Ext</name>
      <add/><get/>
      <node>
        <name>RedBend</name>
        <get/>
        <leaf>
          <name>RecoveryType</name>
          <get/><replace/>
          <format>chr</format>
          <value>RB</value>
        </leaf>
      </node>
    </node>
  </node>
  <node>
    <name>DevInfo</name>
    <get/>
    <leaf>
      <name>UserName</name>
      <get/>
      <format>chr</format>
    </leaf>
    <leaf>
      <name>Mod</name>
      <get/>
      <format>chr</format>
    </leaf>
    <leaf>
      <name>Man</name>
      <get/>
      <format>chr</format>
    </leaf>
    <leaf>
      <name>Lang</name>
      <get/>
      <format>chr</format>
      <value>EN</value>
    </leaf>
    <leaf>
      <name>DmV</name>
      <get/>
      <format>chr</format>
    </leaf>
    <leaf>
      <name>DevId</name>
      <get/>
      <format>chr</format>
    </leaf>
    <node>
      <name>Ext</name>
      <get/>
      <node>
        <name>RedBend</name>
        <get/>
        <node>
          <name>DMParams</name>
          <add/><copy/><delete/><exec/><get/><replace/>
          <leaf>
            <name>triggerAdditionalSession</name>
            <get/><replace/>
            <format>bool</format>
            <value>false</value>
          </leaf>
        </node>
        <leaf>
          <name>IsHwSwap</name>
          <copy/><delete/><exec/><get/><replace/>
          <type>text/plain</type>
          <format>chr</format>
          <value>TRUE</value>
        </leaf>
        <leaf>
          <name>SwV</name>
          <get/>
          <type>text/plain</type>
          <format>chr</format>
        </leaf>
        <node>
          <name>Checksum</name>
          <add/><copy/><delete/><get/><replace/>
          <leaf>
            <name>HwInvChecksum</name>
            <copy/><delete/><exec/><get/><replace/>
            <format>chr</format>
            <value>D7A3564FD99D4245B6EAA02B31E86D92</value>
          </leaf>
          <leaf>
            <name>InvChecksum</name>
            <copy/><delete/><get/><replace/>
            <format>chr</format>
          </leaf>
          <leaf>
            <name>DMChecksum</name>
            <copy/><delete/><get/><replace/>
            <format>chr</format>
          </leaf>
          <leaf>
            <name>PropChecksum</name>
            <copy/><delete/><get/><replace/>
            <format>chr</format>
          </leaf>
        </node>
        <leaf>
          <name>DomainName</name>
          <get/><replace/>
          <format>chr</format>
          <value>DEFAULT</value>
        </leaf>
        <leaf>
          <name>DomainPIN</name>
          <get/><replace/>
          <format>chr</format>
          <value>310788</value>
        </leaf>
        <leaf>
          <name>VIN</name>
          <get/><replace/>
          <format>chr</format>
        </leaf>
        <leaf>
          <name>Bearer</name>
          <format>chr</format>
        </leaf>
      </node>
    </node>
  </node>
</node>
</rdmtree>
